,,,,,,,,,,,,,"Note : We are showing the text value in the csv because we got the some of the questions choice are updated",,,,,,,,,,,,,,,,,,,,,,,,,,,,,,,
,,,,,,,,,,,,"Survey","Participant","Question 1","Question 2","{{Q://Q3/ChoiceTextEntryValue}}","{{Q://Q4/ChoiceTextEntryValue}}","{{Q://Q5/ChoiceTextEntryValue}}","{{Q://Q6/ChoiceTextEntryValue}}","{{Q://Q7/ChoiceTextEntryValue}}","{{Q://Q8/ChoiceTextEntryValue}}","{{Q://Q9/ChoiceTextEntryValue}}","{{Q://Q10/ChoiceTextEntryValue}}","{{Q://Q11/ChoiceTextEntryValue}}","{{Q://Q12/ChoiceTextEntryValue}}","{{Q://Q13/ChoiceTextEntryValue}}","{{Q://Q14/ChoiceTextEntryValue}}","{{Q://Q15/ChoiceTextEntryValue}}","{{Q://Q16/ChoiceTextEntryValue}}","{{Q://Q17/ChoiceTextEntryValue}}","{{Q://Q18/ChoiceTextEntryValue}}","{{Q://Q19/ChoiceTextEntryValue}}","{{Q://Q20/ChoiceTextEntryValue}}","{{Q://Q21/ChoiceTextEntryValue}}","{{Q://Q22/ChoiceTextEntryValue}}","{{Q://Q23/ChoiceTextEntryValue}}","{{Q://Q24/ChoiceTextEntryValue}}","{{Q://Q25/ChoiceTextEntryValue}}","{{Q://Q26/ChoiceTextEntryValue}}","{{Q://Q27/ChoiceTextEntryValue}}","{{Q://Q28/ChoiceTextEntryValue}}","{{Q://Q29/ChoiceTextEntryValue}}","{{Q://Q30/ChoiceTextEntryValue}}","{{Q://Q31/ChoiceTextEntryValue}}"
,,,,,,,,,,,,,"Question Text","Please enter your Participant ID (i.e., 2000):","Answer the next following questions reflecting from the whole day.","I felt fatigued today.","I had trouble starting things today because I was tired.","How run-down did you feel on average today?","On average, how fatigued were you today?","On average, how much were you bothered by your fatigue?","To what degree did your fatigue interfere with your physical functioning? ","How often did you have to push yourself to get things done because of your fatigue?","How often did you have trouble finishing things because of your fatigue?","Other than your family how many persons in your local area do you feel you can depend on or feel close to?","How many times today did you spend with someone who does not live with you, that is, you went to see them, or they came to visit you, or you went out together?","How many times did you talk to someone (friends, relatives or others) on the telephone today (either they called you, or your called them)?","About how many times did you go to meetings of clubs, religious meetings, or other groups that you belong to today?","Does it seem that your family and friends (people who are important to you understand you?","Do you feel useful to your family (people important to you)?","Do you feel useful (people important to you)?","Do you know what is going on with your family and friends? ","When you are talking to your family and friends, do you feel you are being listened to?","Do you feel you have a definite role (place) in your family and among your friends? ","Can you talk about your deepest problems with at least some of your family and friends?","How satisfied are your with the kinds of relationships you have with your family and friends? ","My mind was sharp as usual today.","My memory was as good as usual today.","My thinking was as fast as usual today.","I was able to keep track of what I was doing today even if I was interrupted.","I was able to concentrate today.","I was able to think clearly today without extra effort.","I was able to pay attention and keep track of what I was doing today without extra effort.","I have been able to remember things as easily as usual without extra effort.","Was today a typical day for you? (Select NO if you were either traveling long distances, sick in bed, or anything else that prevented you from your usual way of living, etc.) ​"
,,,,,,,,,,,,,"Response Type","Text","Instruction","Single selection","Single selection","Single selection","Single selection","Single selection","Single selection","Single selection","Single selection","Single selection","Single selection","Single selection","Single selection","Single selection","Single selection","Single selection","Single selection","Single selection","Single selection","Single selection","Single selection","Single selection","Single selection","Single selection","Single selection","Single selection","Single selection","Single selection","Single selection","Single selection"
"Start Date","End Date","Time Scheduled","Duration (in seconds)","Day of Survey","Occasion within Day","Finished","Participant ID","Location - Lat","Location - Long","No Login","Group Code","ip address","Choices",,,"[ 1 = 'Not at all' 2 = 'A little bit' 3 = 'Somehwat' 4 = 'Quite a bit' 5 = 'Very much'  ]","[ 1 = 'Not at all' 2 = 'A little bit' 3 = 'Somewhat ' 4 = 'Quite a bit' 5 = 'Very Much '  ]","[ 1 = 'Not at all' 2 = 'A little bit' 3 = 'Somewhat' 4 = 'Quite a bit' 5 = 'Very much'  ]","[ 1 = 'Not at all' 2 = 'A little bit' 3 = 'Somewhat' 4 = 'Quite a bit' 5 = 'Very much'  ]","[ 1 = 'Not at all' 2 = 'A little bit' 3 = 'Somewhat' 4 = 'Quite a bit' 5 = 'Very much'  ]","[ 1 = 'Not at all' 2 = 'A little bit ' 3 = 'Somewhat ' 4 = 'Quite a bit' 5 = 'Very much '  ]","[ 1 = 'Not at all' 2 = 'A little bit ' 3 = 'Somewhat' 4 = 'Quite a bit' 5 = 'Very much'  ]","[ 1 = 'Not at all' 2 = 'A little bit' 3 = 'Somewhat' 4 = 'Quite a bit' 5 = 'Very much'  ]","[ 1 = 'None' 2 = '1-2 people' 3 = 'More than 2 people'  ]","[ 1 = 'None' 2 = 'Once' 3 = 'Twice' 4 = 'Three times' 5 = 'Four or more times'  ]","[ 1 = 'None' 2 = 'Twice ' 3 = 'Once' 4 = 'Twice ' 5 = 'Three times ' 6 = 'Four or more times'  ]","[ 1 = 'None' 2 = 'Once' 3 = 'Twice' 4 = 'Three times' 5 = 'Four or more times'  ]","[ 1 = 'Hardly ever ' 2 = 'Some of the time' 3 = 'Most of the time '  ]","[ 1 = 'Hardly ever' 2 = 'Some of the time' 3 = 'Most of the time'  ]","[ 1 = 'Hardly ever ' 2 = 'Some of the time ' 3 = 'Most of the time '  ]","[ 1 = 'Hardly ever ' 2 = 'Some of the time ' 3 = 'Most of the time'  ]","[ 1 = 'Hardly' 2 = 'Some of the time ' 3 = 'Most of the time '  ]","[ 1 = 'Hardly ever ' 2 = 'Some of time ' 3 = 'Most of the time'  ]","[ 1 = 'Hardly ever ' 2 = 'Some of the time ' 3 = 'Most of the time '  ]","[ 1 = 'Very dissatisfied ' 2 = 'Somewhat dissatisfied ' 3 = 'Satisfied '  ]","[ 1 = 'Not at all' 2 = 'A little bit' 3 = 'Somewhat' 4 = 'Quite a bit' 5 = 'Very much'  ]","[ 1 = 'Not at all' 2 = 'A little bit' 3 = 'Somewhat' 4 = 'Quite a bit ' 5 = 'Very much'  ]","[ 1 = 'Not at all' 2 = 'A little bit ' 3 = 'Somewhat ' 4 = 'Quite a bit' 5 = 'Very Much'  ]","[ 1 = 'Not at all' 2 = 'A little bit' 3 = 'Somewhat' 4 = 'Quite a bit' 5 = 'Very Much'  ]","[ 1 = 'Not at all' 2 = 'A little bit ' 3 = 'Somewhat' 4 = 'Quite a bit' 5 = 'Very Much'  ]","[ 1 = 'Not at all' 2 = 'A little bit' 3 = 'Somewhat' 4 = 'Quite a bit' 5 = 'Very much'  ]","[ 1 = 'Not at all' 2 = 'A little bit' 3 = 'Somewhat' 4 = 'Quite a bit' 5 = 'Very Much'  ]","[ 1 = 'Not at all' 2 = 'A little bit' 3 = 'Somewhat' 4 = 'Quite a bit' 5 = 'Very much'  ]","[ 1 = 'Yes' 2 = 'No'  ]"
"11/16/2023 01:21AM","11/16/2023 01:27AM","11/15/2023 03:19PM - 01/01/2026 09:59AM",368.551,"1","1","Finished","6553dd4448ac57641b9a8f75",,,"no","-","192.168.1.33","Participant 2","2001",,2,1,2,2,1,1,2,1,2,2,2,3,2,2,3,2,2,3,2,3,3,3,3,3,4,4,4,3,1
"11/20/2023 02:03AM","11/20/2023 02:11AM","11/15/2023 03:19PM - 01/01/2026 09:59AM",467.475,"1","1","Finished","6553dd4448ac57641b9a8f75",,,"no","-","192.168.1.33","Participant 2","2001",,1,1,1,2,1,1,1,1,2,2,4,1,3,3,2,2,2,3,3,3,4,4,4,4,4,4,4,4,1
"11/21/2023 01:54AM","11/21/2023 02:00AM","11/15/2023 03:19PM - 01/01/2026 09:59AM",375.352,"1","1","Finished","6553dd4448ac57641b9a8f75",,,"no","-","192.168.1.33","Participant 2","2001",,3,3,3,2,2,3,2,4,2,3,5,2,2,"",3,2,2,2,2,2,3,3,3,4,3,3,3,"",1
"11/22/2023 04:48AM","11/22/2023 04:54AM","11/15/2023 03:19PM - 01/01/2026 09:59AM",379.15,"1","1","Finished","6553dd4448ac57641b9a8f75",,,"no","-","192.168.1.33","Participant 2","2001",,1,1,3,3,1,1,2,4,2,2,5,1,3,3,3,2,1,3,1,2,4,3,2,2,1,3,2,2,2
"11/24/2023 12:36AM","11/24/2023 12:42AM","11/15/2023 03:19PM - 01/01/2026 09:59AM",391.707,"1","1","Finished","6553dd4448ac57641b9a8f75",,,"no","-","192.168.0.154","Participant 2","2001",,1,1,2,2,1,3,3,1,1,5,5,1,2,3,3,2,2,3,1,2,4,4,3,3,3,4,4,3,2
"11/25/2023 01:28AM","11/25/2023 01:33AM","11/15/2023 03:19PM - 01/01/2026 09:59AM",316.716,"1","1","Finished","6553dd4448ac57641b9a8f75",,,"no","-","192.168.0.154","Participant 2","2001",,1,2,2,2,1,2,1,1,3,5,6,1,3,3,3,2,3,3,2,2,4,3,4,4,4,4,4,3,2
"11/25/2023 10:36PM","11/25/2023 10:41PM","11/15/2023 03:19PM - 01/01/2026 09:59AM",243.154,"1","1","Finished","6553dd4448ac57641b9a8f75",,,"no","-","192.168.0.154","Participant 2","2001",,1,1,2,2,1,1,1,1,2,2,6,1,2,2,3,2,2,2,2,2,2,3,3,4,4,3,3,3,2
"11/27/2023 02:39AM","11/27/2023 02:44AM","11/15/2023 03:19PM - 01/01/2026 09:59AM",271.408,"1","1","Finished","6553dd4448ac57641b9a8f75",,,"no","-","192.168.0.154","Participant 2","2001",,3,1,3,3,1,2,1,1,2,2,4,1,2,"",3,2,3,2,2,3,4,3,3,3,4,4,3,4,1
"12/01/2023 03:18AM","12/01/2023 03:24AM","11/15/2023 03:19PM - 01/01/2026 09:59AM",370.557,"1","1","Finished","6553dd4448ac57641b9a8f75",,,"no","-","192.168.1.33","Participant 2","2001",,4,3,4,4,4,3,4,4,2,1,2,2,2,2,2,2,2,2,2,2,3,3,3,2,2,3,3,3,1
"12/02/2023 12:04AM","12/02/2023 12:11AM","11/15/2023 03:19PM - 01/01/2026 09:59AM",391.135,"1","1","Finished","6553dd4448ac57641b9a8f75",,,"no","-","192.168.1.33","Participant 2","2001",,4,4,4,4,4,4,4,2,1,1,3,1,2,3,3,2,2,2,2,2,2,3,2,2,2,2,2,3,1
"12/03/2023 02:33AM","12/03/2023 02:41AM","11/15/2023 03:19PM - 01/01/2026 09:59AM",491.732,"1","1","Finished","6553dd4448ac57641b9a8f75",,,"no","-","192.168.1.33","Participant 2","2001",,3,1,2,3,3,4,4,2,2,3,2,2,2,2,2,2,2,2,2,2,3,3,3,3,3,2,2,2,1
"12/04/2023 04:25AM","12/04/2023 04:31AM","11/15/2023 03:19PM - 01/01/2026 09:59AM",321.17,"1","1","Finished","6553dd4448ac57641b9a8f75",,,"no","-","192.168.1.33","Participant 2","2001",,2,4,4,4,4,4,4,4,2,1,1,1,2,2,3,2,2,2,2,2,3,3,3,3,3,3,3,3,1
"12/05/2023 01:46AM","12/05/2023 01:52AM","11/15/2023 03:19PM - 01/01/2026 09:59AM",361.245,"1","1","Finished","6553dd4448ac57641b9a8f75",,,"no","-","192.168.1.33","Participant 2","2001",,3,3,2,4,3,4,4,4,2,2,3,1,2,3,2,2,2,2,1,2,1,3,3,2,4,3,2,3,1
"12/05/2023 11:33PM","12/05/2023 11:40PM","11/15/2023 03:19PM - 01/01/2026 09:59AM",389.54,"1","1","Finished","6553dd4448ac57641b9a8f75",,,"no","-","192.168.1.33","Participant 2","2001",,4,4,4,4,4,4,4,4,2,4,4,3,2,2,2,2,2,2,2,2,3,3,3,2,2,2,1,2,1
"11/22/2023 04:16AM","11/22/2023 04:24AM","11/21/2023 03:37PM - 01/01/2026 09:59AM",465.102,"1","1","Finished","6553dfaf48ac57641b9a9c40",,,"no","-","100.94.11.173","Participant 3","2002",,3,1,2,3,1,1,2,1,3,2,1,1,3,3,3,3,3,3,3,3,4,5,4,5,5,4,5,4,1
"11/22/2023 09:15PM","11/22/2023 09:20PM","11/21/2023 03:37PM - 01/01/2026 09:59AM",278.664,"1","1","Finished","6553dfaf48ac57641b9a9c40",,,"no","-","100.94.11.173","Participant 3","2002",,2,1,2,2,2,1,1,1,3,1,1,1,3,3,3,3,3,3,3,3,5,5,4,5,5,5,5,5,2
"11/23/2023 08:02PM","11/23/2023 08:06PM","11/21/2023 03:37PM - 01/01/2026 09:59AM",239.748,"1","1","Finished","6553dfaf48ac57641b9a9c40",,,"no","-","100.94.11.173","Participant 3","2002",,1,1,1,1,1,1,1,1,3,2,1,2,3,3,3,3,3,3,3,3,5,5,5,5,5,5,5,5,1
"11/24/2023 09:02PM","11/24/2023 09:06PM","11/21/2023 03:37PM - 01/01/2026 09:59AM",203.148,"1","1","Finished","6553dfaf48ac57641b9a9c40",,,"no","-","100.94.11.173","Participant 3","2002",,1,1,1,1,1,1,1,1,3,2,1,1,3,3,3,3,3,3,3,3,5,5,5,5,5,5,5,5,1
"11/25/2023 09:16PM","11/25/2023 09:19PM","11/21/2023 03:37PM - 01/01/2026 09:59AM",170.241,"1","1","Finished","6553dfaf48ac57641b9a9c40",,,"no","-","100.94.11.173","Participant 3","2002",,1,1,1,1,1,1,1,1,3,1,2,1,3,3,3,3,3,3,3,3,5,5,5,5,5,5,5,5,2
"11/26/2023 08:51PM","11/26/2023 08:55PM","11/21/2023 03:37PM - 01/01/2026 09:59AM",216.3,"1","1","Finished","6553dfaf48ac57641b9a9c40",,,"no","-","100.90.29.45","Participant 3","2002",,2,2,2,2,1,2,2,2,3,2,3,1,3,3,3,3,3,3,3,3,4,4,4,5,5,4,4,4,2
"11/27/2023 09:17PM","11/27/2023 09:20PM","11/21/2023 03:37PM - 01/01/2026 09:59AM",223.95,"1","1","Finished","6553dfaf48ac57641b9a9c40",,,"no","-","100.90.29.45","Participant 3","2002",,1,1,1,1,1,1,1,1,3,2,1,2,3,3,3,3,3,3,3,3,5,4,5,5,5,5,5,4,1
"11/28/2023 10:15PM","11/28/2023 10:19PM","11/28/2023 02:00PM - 01/01/2026 09:59AM",246.718,"1","1","Finished","65663880d46509913258eae9",,,"no","-","192.168.1.68","Participant 4","2003",,4,3,3,4,4,2,4,2,2,1,4,4,2,3,3,3,3,3,2,2,3,3,4,2,3,3,4,3,2
"11/30/2023 10:37PM","11/30/2023 10:41PM","11/28/2023 02:00PM - 01/01/2026 09:59AM",242.54,"1","1","Finished","65663880d46509913258eae9",,,"no","-","192.168.1.68","Participant 4","2003",,2,1,2,2,3,3,3,1,2,4,6,2,2,3,3,2,2,3,2,2,4,4,4,3,4,4,4,3,2
"12/01/2023 10:19PM","12/01/2023 10:22PM","11/28/2023 02:00PM - 01/01/2026 09:59AM",180.978,"1","1","Finished","65663880d46509913258eae9",,,"no","-","100.65.62.77","Participant 4","2003",,1,1,1,1,1,1,1,1,1,5,6,5,2,3,3,2,3,3,2,3,5,5,5,5,5,5,5,5,1
"12/02/2023 10:37PM","12/02/2023 10:41PM","11/28/2023 02:00PM - 01/01/2026 09:59AM",209.52,"1","1","Finished","65663880d46509913258eae9",,,"no","-","192.168.1.68","Participant 4","2003",,2,3,3,2,4,1,2,1,2,1,5,1,2,3,3,2,3,3,2,2,1,1,1,2,2,3,3,2,1
"12/04/2023 12:52AM","12/04/2023 12:56AM","11/28/2023 02:00PM - 01/01/2026 09:59AM",189.292,"1","1","Finished","65663880d46509913258eae9",,,"no","-","192.168.1.68","Participant 4","2003",,2,2,3,3,2,2,3,4,1,3,1,5,2,3,2,2,3,3,2,2,4,4,3,5,4,4,4,4,1
"12/06/2023 10:56PM","12/06/2023 10:59PM","11/28/2023 02:00PM - 01/01/2026 09:59AM",169.182,"1","1","Finished","65663880d46509913258eae9",,,"no","-","192.168.1.68","Participant 4","2003",,4,4,4,4,5,4,5,3,3,5,6,3,2,3,3,2,3,3,2,2,2,3,3,2,2,2,3,3,1
"12/08/2023 12:09AM","12/08/2023 12:12AM","11/28/2023 02:00PM - 01/01/2026 09:59AM",159.003,"1","1","Finished","65663880d46509913258eae9",,,"no","-","192.168.1.68","Participant 4","2003",,2,1,2,2,2,1,3,2,2,5,1,3,2,3,3,3,3,3,2,2,3,3,4,4,4,4,4,4,1
"12/10/2023 03:25AM","12/10/2023 03:28AM","11/28/2023 02:00PM - 01/01/2026 09:59AM",140.603,"1","1","Finished","65663880d46509913258eae9",,,"no","-","192.168.1.68","Participant 4","2003",,2,3,2,2,1,2,2,1,1,5,5,5,3,3,3,2,3,3,1,2,4,5,5,4,5,5,5,5,1
"12/10/2023 11:03PM","12/10/2023 11:09PM","11/28/2023 02:00PM - 01/01/2026 09:59AM",345.447,"1","1","Finished","65663880d46509913258eae9",,,"no","-","192.168.1.68","Participant 4","2003",,2,1,2,1,1,1,1,1,2,4,6,4,3,3,3,2,3,3,2,2,5,5,5,5,5,5,5,5,1
"12/12/2023 10:18PM","12/12/2023 10:22PM","11/28/2023 02:00PM - 01/01/2026 09:59AM",216.648,"1","1","Finished","65663880d46509913258eae9",,,"no","-","192.168.1.68","Participant 4","2003",,3,4,4,4,4,2,3,4,2,2,2,3,2,3,3,3,3,3,2,2,3,3,4,3,4,4,4,3,1
"12/13/2023 11:04PM","12/13/2023 11:07PM","11/28/2023 02:00PM - 01/01/2026 09:59AM",179.147,"1","1","Finished","65663880d46509913258eae9",,,"no","-","192.168.1.68","Participant 4","2003",,1,1,2,2,1,1,2,2,2,4,4,3,3,3,3,2,3,3,2,2,5,5,5,3,4,5,5,5,1
"12/14/2023 08:14AM","12/14/2023 08:16AM","11/28/2023 02:00PM - 01/01/2026 09:59AM",143.725,"1","1","Finished","65663880d46509913258eae9",,,"no","-","192.168.1.68","Participant 4","2003",,3,3,2,3,3,2,3,2,2,4,4,5,3,3,3,2,3,3,2,2,3,3,3,3,3,3,3,3,1
"12/14/2023 09:58PM","12/14/2023 10:03PM","11/28/2023 02:00PM - 01/01/2026 09:59AM",292.443,"1","1","Finished","65663880d46509913258eae9",,,"no","-","192.168.1.68","Participant 4","2003",,4,3,4,4,5,1,3,3,2,5,3,4,3,3,3,2,3,3,2,2,4,4,4,4,4,4,4,4,2
"12/14/2023 10:05PM","12/14/2023 10:07PM","11/28/2023 02:00PM - 01/01/2026 09:59AM",131.742,"1","1","Finished","65663880d46509913258eae9",,,"no","-","192.168.1.68","Participant 4","2003",,2,3,3,2,1,1,2,3,2,3,1,4,2,3,3,2,3,3,2,2,4,4,4,4,4,4,4,3,1
"12/15/2023 10:22PM","12/15/2023 10:26PM","11/28/2023 02:00PM - 01/01/2026 09:59AM",207.504,"1","1","Finished","65663880d46509913258eae9",,,"no","-","192.168.1.68","Participant 4","2003",,2,1,2,2,1,1,1,1,2,5,4,3,3,3,3,2,3,3,2,2,4,4,4,3,5,5,5,5,1
"12/16/2023 08:12AM","12/16/2023 08:15AM","11/28/2023 02:00PM - 01/01/2026 09:59AM",158.956,"1","1","Finished","65663880d46509913258eae9",,,"no","-","192.168.1.68","Participant 4","2003",,4,4,4,4,4,2,4,4,2,5,3,3,3,3,3,2,3,3,2,2,3,3,2,2,3,3,2,2,2
"12/16/2023 10:59PM","12/16/2023 11:01PM","11/28/2023 02:00PM - 01/01/2026 09:59AM",167.151,"1","1","Finished","65663880d46509913258eae9",,,"no","-","192.168.1.68","Participant 4","2003",,4,4,4,4,3,1,4,5,2,1,4,1,2,3,3,2,2,2,1,2,2,3,2,3,3,3,3,3,2
"12/17/2023 11:23PM","12/17/2023 11:25PM","11/28/2023 02:00PM - 01/01/2026 09:59AM",133.737,"1","1","Finished","65663880d46509913258eae9",,,"no","-","192.168.1.68","Participant 4","2003",,1,1,1,1,1,1,1,1,2,2,4,3,3,3,3,2,3,3,2,2,5,5,5,5,5,5,5,5,2
"12/18/2023 09:47PM","12/18/2023 09:50PM","11/28/2023 02:00PM - 01/01/2026 09:59AM",212.716,"1","1","Finished","65663880d46509913258eae9",,,"no","-","192.168.1.68","Participant 4","2003",,1,2,2,2,1,1,2,2,2,2,3,1,3,3,3,2,3,3,2,2,4,5,5,4,5,5,4,4,1
"11/30/2023 09:26PM","11/30/2023 09:29PM","11/29/2023 02:32PM - 01/01/2026 09:59AM",193.447,"1","1","Finished","65674960eba55c5c6eaea29b","0.0","0.0","no","-","10.0.0.17","Participant 5","2004",,2,1,1,1,1,1,1,1,3,5,5,1,3,3,3,3,3,3,3,3,5,5,5,5,5,5,5,5,2
"12/01/2023 07:50PM","12/01/2023 07:52PM","11/29/2023 02:32PM - 01/01/2026 09:59AM",157.504,"1","1","Finished","65674960eba55c5c6eaea29b","0.0","0.0","no","-","10.0.0.17","Participant 5","2004",,1,2,1,1,1,1,1,1,3,5,2,1,3,3,3,3,3,3,3,3,5,5,5,5,5,5,5,5,1
"12/02/2023 10:15PM","12/02/2023 10:19PM","11/29/2023 02:32PM - 01/01/2026 09:59AM",265.203,"1","1","Finished","65674960eba55c5c6eaea29b","0.0","0.0","no","-","10.0.0.17","Participant 5","2004",,1,1,1,1,1,1,1,1,3,3,5,1,3,3,3,3,3,3,3,3,5,5,5,5,5,5,5,5,1
"12/04/2023 07:22AM","12/04/2023 07:25AM","11/29/2023 02:32PM - 01/01/2026 09:59AM",202.451,"1","1","Finished","65674960eba55c5c6eaea29b","0.0","0.0","no","-","2600:1000:105e:2872:6bc6:1c34:5a0a:1ca8","Participant 5","2004",,2,1,1,1,1,1,1,1,3,5,4,2,3,3,3,3,3,3,3,3,5,5,5,5,5,5,5,5,2
"12/04/2023 09:12PM","12/04/2023 09:15PM","11/29/2023 02:32PM - 01/01/2026 09:59AM",157.403,"1","1","Finished","65674960eba55c5c6eaea29b","0.0","0.0","no","-","10.0.0.17","Participant 5","2004",,2,1,1,1,1,1,1,1,3,5,5,1,3,3,3,3,3,3,3,3,5,5,5,5,5,5,5,5,1
"12/06/2023 08:53PM","12/06/2023 08:55PM","11/29/2023 02:32PM - 01/01/2026 09:59AM",146.357,"1","1","Finished","65674960eba55c5c6eaea29b","0.0","0.0","no","-","10.0.0.17","Participant 5","2004",,2,1,1,2,1,1,1,1,3,4,5,1,3,3,3,3,3,3,3,3,5,5,5,5,5,5,5,5,1
"12/10/2023 09:06PM","12/10/2023 09:09PM","11/29/2023 02:32PM - 01/01/2026 09:59AM",184.512,"1","1","Finished","65674960eba55c5c6eaea29b","0.0","0.0","no","-","10.0.0.17","Participant 5","2004",,1,1,1,1,1,1,1,1,3,5,4,3,3,3,3,3,3,3,3,3,5,5,5,5,5,5,5,5,1
"12/12/2023 10:16PM","12/12/2023 10:21PM","11/29/2023 02:32PM - 01/01/2026 09:59AM",278.829,"1","1","Finished","65674960eba55c5c6eaea29b","0.0","0.0","no","-","10.0.0.17","Participant 5","2004",,2,1,1,2,1,1,1,1,3,4,5,2,3,3,3,3,3,3,3,3,5,5,5,5,5,5,5,5,1
"12/14/2023 11:10PM","12/14/2023 11:11PM","11/29/2023 02:32PM - 01/01/2026 09:59AM",108.916,"1","1","Finished","65674960eba55c5c6eaea29b","0.0","0.0","no","-","10.0.0.17","Participant 5","2004",,1,1,1,1,1,1,1,1,3,4,4,2,3,3,3,3,3,3,3,3,5,5,5,5,5,5,5,5,1
"12/14/2023 11:12PM","12/14/2023 11:13PM","11/29/2023 02:32PM - 01/01/2026 09:59AM",72.449,"1","1","Finished","65674960eba55c5c6eaea29b","0.0","0.0","no","-","10.0.0.17","Participant 5","2004",,1,1,1,1,1,1,1,1,3,5,3,3,3,3,3,3,3,3,3,3,5,5,5,5,5,5,5,5,1
"12/17/2023 10:55AM","12/17/2023 10:57AM","11/29/2023 02:32PM - 01/01/2026 09:59AM",106.566,"1","1","Finished","65674960eba55c5c6eaea29b","0.0","0.0","no","-","2600:1000:105e:2872:6bc6:1c34:5a0a:1ca8","Participant 5","2004",,1,1,1,1,1,1,1,1,3,5,4,2,3,3,3,,3,3,3,,5,5,5,5,5,5,5,5,1
"12/18/2023 08:48PM","12/18/2023 08:50PM","11/29/2023 02:32PM - 01/01/2026 09:59AM",139.339,"1","1","Finished","65674960eba55c5c6eaea29b","0.0","0.0","no","-","10.0.0.17","Participant 5","2004",,1,1,5,5,1,1,1,1,3,3,6,1,3,3,3,3,3,3,3,3,5,5,5,5,5,5,5,5,1
"12/19/2023 08:31PM","12/19/2023 08:34PM","11/29/2023 02:32PM - 01/01/2026 09:59AM",147.648,"1","1","Finished","65674960eba55c5c6eaea29b","0.0","0.0","no","-","10.0.0.17","Participant 5","2004",,4,2,2,2,1,1,1,1,3,4,5,4,3,3,3,3,3,3,3,3,4,4,4,4,5,5,5,5,1
"12/01/2023 11:26PM","12/01/2023 11:31PM","11/30/2023 12:45PM - 01/01/2026 09:59AM",282.497,"1","1","Finished","65689df6eba55c5c6eb2bab3","0.0","0.0","no","-","192.168.0.12","Participant 6","2005",,2,2,2,2,1,1,1,1,2,1,6,1,3,3,3,3,2,3,2,3,4,4,4,4,4,4,4,4,1
"12/02/2023 11:03PM","12/02/2023 11:07PM","11/30/2023 12:45PM - 01/01/2026 09:59AM",212.871,"1","1","Finished","65689df6eba55c5c6eb2bab3","0.0","0.0","no","-","192.168.0.11","Participant 6","2005",,2,2,2,2,2,1,2,1,2,4,5,3,3,3,3,3,3,3,3,3,4,4,4,4,4,4,4,4,2
"12/03/2023 11:12PM","12/03/2023 11:16PM","11/30/2023 12:45PM - 01/01/2026 09:59AM",222.047,"1","1","Finished","65689df6eba55c5c6eb2bab3","0.0","0.0","no","-","2603:6080:4e02:5700:2c5f:2a12:87a8:69ed","Participant 6","2005",,2,1,2,2,1,1,1,1,2,2,4,2,3,3,3,3,3,3,3,3,5,4,4,5,5,5,5,5,1
"12/04/2023 11:20PM","12/04/2023 11:23PM","11/30/2023 12:45PM - 01/01/2026 09:59AM",171.205,"1","1","Finished","65689df6eba55c5c6eb2bab3","0.0","0.0","no","-","2603:6080:4e02:5700:5ceb:e861:4001:5395","Participant 6","2005",,1,1,1,1,1,1,1,1,2,3,2,2,3,3,3,3,3,3,3,3,5,5,5,5,5,5,5,5,1
"12/06/2023 11:57PM","12/07/2023 12:00AM","11/30/2023 12:45PM - 01/01/2026 09:59AM",193.263,"1","1","Finished","65689df6eba55c5c6eb2bab3","0.0","0.0","no","-","192.168.0.12","Participant 6","2005",,1,1,1,1,1,1,1,1,2,1,2,1,3,3,3,3,3,3,3,3,5,5,5,5,5,5,5,5,1
"12/07/2023 11:30PM","12/07/2023 11:34PM","11/30/2023 12:45PM - 01/01/2026 09:59AM",230.596,"1","1","Finished","65689df6eba55c5c6eb2bab3","0.0","0.0","no","-","192.168.0.12","Participant 6","2005",,1,1,1,1,1,1,1,1,2,3,5,2,3,3,3,3,3,3,3,3,5,5,5,5,5,5,5,5,1
"12/08/2023 11:45PM","12/08/2023 11:48PM","11/30/2023 12:45PM - 01/01/2026 09:59AM",142.517,"1","1","Finished","65689df6eba55c5c6eb2bab3","0.0","0.0","no","-","2603:6080:4e02:5700:20c9:1432:70a4:f85b","Participant 6","2005",,1,1,1,1,1,1,1,1,2,1,6,1,3,3,3,3,3,3,3,3,5,5,5,5,5,5,5,5,1
"12/09/2023 11:11PM","12/09/2023 11:15PM","11/30/2023 12:45PM - 01/01/2026 09:59AM",193.351,"1","1","Finished","65689df6eba55c5c6eb2bab3","0.0","0.0","no","-","192.168.0.12","Participant 6","2005",,2,2,2,2,1,1,2,2,2,2,6,3,3,3,3,3,3,3,3,3,5,4,5,5,5,5,5,4,1
"12/10/2023 11:35PM","12/10/2023 11:38PM","11/30/2023 12:45PM - 01/01/2026 09:59AM",196.661,"1","1","Finished","65689df6eba55c5c6eb2bab3","0.0","0.0","no","-","2603:6080:4e02:5700:18c8:8a77:5311:c686","Participant 6","2005",,1,1,1,1,1,1,1,1,2,2,5,3,3,3,3,3,3,3,3,3,4,4,4,5,5,5,5,5,2
"12/11/2023 11:50PM","12/11/2023 11:54PM","11/30/2023 12:45PM - 01/01/2026 09:59AM",284.532,"1","1","Finished","65689df6eba55c5c6eb2bab3","0.0","0.0","no","-","192.168.0.10","Participant 6","2005",,1,1,1,1,1,1,1,1,2,2,2,2,3,3,3,3,3,3,3,3,5,5,5,4,5,4,5,5,1
"12/12/2023 11:59PM","12/13/2023 12:01AM","11/30/2023 12:45PM - 01/01/2026 09:59AM",145.751,"1","1","Finished","65689df6eba55c5c6eb2bab3","0.0","0.0","no","-","2603:6080:4e02:5700:4128:2efd:4b82:9a98","Participant 6","2005",,2,2,2,2,2,2,3,3,2,2,5,2,3,3,3,3,3,3,3,3,3,3,3,3,3,3,3,3,1
"12/13/2023 11:24PM","12/13/2023 11:26PM","11/30/2023 12:45PM - 01/01/2026 09:59AM",101.844,"1","1","Finished","65689df6eba55c5c6eb2bab3","0.0","0.0","no","-","2603:6080:4e02:5700:6059:ad2f:1833:8dc","Participant 6","2005",,2,2,2,2,1,1,2,2,2,2,4,2,3,3,3,3,3,3,3,3,4,4,4,4,4,4,4,4,1
"12/14/2023 11:21PM","12/14/2023 11:25PM","11/30/2023 12:45PM - 01/01/2026 09:59AM",245.536,"1","1","Finished","65689df6eba55c5c6eb2bab3","0.0","0.0","no","-","192.168.0.10","Participant 6","   2005",,1,1,1,1,1,1,1,1,2,3,2,1,3,3,3,3,3,3,3,3,4,4,4,4,4,4,4,4,1
"12/15/2023 11:46PM","12/15/2023 11:49PM","11/30/2023 12:45PM - 01/01/2026 09:59AM",193.217,"1","1","Finished","65689df6eba55c5c6eb2bab3","0.0","0.0","no","-","2603:6080:4e02:5700:79bf:1832:c90e:d2ba","Participant 6","2005",,2,2,1,2,1,1,2,2,2,1,2,1,3,3,3,3,3,3,3,3,3,4,4,4,3,4,4,4,1
"12/16/2023 11:23PM","12/16/2023 11:25PM","11/30/2023 12:45PM - 01/01/2026 09:59AM",147.581,"1","1","Finished","65689df6eba55c5c6eb2bab3","0.0","0.0","no","-","192.168.0.10","Participant 6","2005",,1,1,1,1,1,1,1,1,2,1,2,1,3,3,3,3,3,3,3,3,4,4,4,4,4,4,4,4,1
"12/17/2023 11:45PM","12/17/2023 11:49PM","11/30/2023 12:45PM - 01/01/2026 09:59AM",243.618,"1","1","Finished","65689df6eba55c5c6eb2bab3","0.0","0.0","no","-","192.168.0.9","Participant 6","2005",,2,1,2,2,1,2,2,2,2,3,5,2,3,3,3,3,3,3,3,3,4,4,4,4,4,4,4,4,1
"12/18/2023 11:03PM","12/18/2023 11:07PM","11/30/2023 12:45PM - 01/01/2026 09:59AM",265.062,"1","1","Finished","65689df6eba55c5c6eb2bab3","0.0","0.0","no","-","192.168.0.12","Participant 6","2005",,2,1,2,2,1,2,2,2,2,2,2,2,3,3,3,3,3,3,3,3,4,4,4,4,4,4,4,4,1
"12/19/2023 11:18PM","12/19/2023 11:20PM","11/30/2023 12:45PM - 01/01/2026 09:59AM",119.837,"1","1","Finished","65689df6eba55c5c6eb2bab3","0.0","0.0","no","-","2603:6080:4e02:5700:2830:9ae1:7c00:f16a","Participant 6","2005",,1,1,1,1,1,1,1,1,2,2,2,1,3,3,3,3,3,3,3,3,4,4,4,4,4,4,4,4,1
"12/20/2023 11:29PM","12/20/2023 11:30PM","11/30/2023 12:45PM - 01/01/2026 09:59AM",104.301,"1","1","Finished","65689df6eba55c5c6eb2bab3","0.0","0.0","no","-","192.168.0.9","Participant 6","2005",,1,1,1,1,1,1,1,1,2,1,2,1,3,3,3,3,3,3,3,3,4,4,4,4,4,4,4,4,1
"12/01/2023 09:28PM","12/01/2023 09:38PM","12/01/2023 05:32PM - 01/01/2026 09:59AM",595.566,"1","1","Finished","656a5e3f9c50bab087a9e66f","0.0","0.0","no","-","192.168.0.29","Participant 7","R123",,2,2,2,2,2,2,3,2,3,4,5,1,3,3,3,3,2,2,2,3,3,3,3,4,3,3,3,3,1
"12/03/2023 12:20AM","12/03/2023 12:24AM","12/01/2023 05:32PM - 01/01/2026 09:59AM",292.097,"1","1","Finished","656a5e3f9c50bab087a9e66f","0.0","0.0","no","-","192.168.0.29","Participant 7","11pm",,3,2,2,2,3,2,3,2,3,3,2,1,2,2,3,3,2,3,3,3,4,4,2,4,4,3,3,3,1
"12/05/2023 12:15AM","12/05/2023 12:26AM","12/01/2023 05:32PM - 01/01/2026 09:59AM",628.853,"1","1","Finished","656a5e3f9c50bab087a9e66f","0.0","0.0","no","-","2600:1700:4020:b1f0::43f","Participant 7","Nih_r123",,1,2,2,2,1,1,2,2,3,4,5,1,3,3,2,3,2,3,2,2,4,4,3,3,3,3,3,3,1
"12/07/2023 10:08PM","12/07/2023 10:18PM","12/01/2023 05:32PM - 01/01/2026 09:59AM",608.208,"1","1","Finished","656a5e3f9c50bab087a9e66f","0.0","0.0","no","-","2600:1700:4020:b1f0:d189:a31b:9582:2d2e","Participant 7","Nih_r123",,3,2,2,3,2,2,3,2,3,2,5,1,3,2,3,3,2,3,2,3,3,4,4,4,4,4,4,4,1
"12/09/2023 07:18PM","12/09/2023 07:23PM","12/01/2023 05:32PM - 01/01/2026 09:59AM",303.678,"1","1","Finished","656a5e3f9c50bab087a9e66f","0.0","0.0","no","-","2600:1700:4020:b1f0::43f","Participant 7","Nih_r123",,4,3,4,4,4,4,4,2,3,5,4,1,3,3,3,3,3,3,3,2,4,5,5,5,3,4,4,4,2
"12/12/2023 09:51PM","12/12/2023 09:56PM","12/01/2023 05:32PM - 01/01/2026 09:59AM",319.674,"1","1","Finished","656a5e3f9c50bab087a9e66f","0.0","0.0","no","-","2600:1700:4020:b1f0::43f","Participant 7","Nih_r123",,1,1,1,1,1,1,1,1,3,3,3,1,3,3,3,3,3,2,3,2,4,4,4,4,4,4,5,4,1
"12/13/2023 11:05PM","12/13/2023 11:22PM","12/01/2023 05:32PM - 01/01/2026 09:59AM",993.587,"1","1","Finished","656a5e3f9c50bab087a9e66f","0.0","0.0","no","-","2600:1700:4020:b1f0::43f","Participant 7","Nih_r123",,2,1,2,2,3,3,2,2,3,1,3,1,3,3,3,3,2,3,3,2,3,4,4,4,4,4,4,4,1
"12/14/2023 11:14PM","12/14/2023 11:19PM","12/01/2023 05:32PM - 01/01/2026 09:59AM",282.434,"1","1","Finished","656a5e3f9c50bab087a9e66f","0.0","0.0","no","-","192.168.0.28","Participant 7","NIH_r223",,3,2,2,3,2,2,2,2,3,1,3,1,3,3,2,3,3,3,3,3,3,3,3,4,4,4,3,4,2
"12/15/2023 09:18PM","12/15/2023 09:24PM","12/01/2023 05:32PM - 01/01/2026 09:59AM",309.589,"1","1","Finished","656a5e3f9c50bab087a9e66f","0.0","0.0","no","-","192.168.0.28","Participant 7","Nih_r123",,1,2,1,1,1,1,1,1,3,1,2,1,3,3,3,3,3,3,3,3,4,4,4,5,4,4,4,4,1
"12/17/2023 10:13PM","12/17/2023 10:21PM","12/01/2023 05:32PM - 01/01/2026 09:59AM",474.461,"1","1","Finished","656a5e3f9c50bab087a9e66f","0.0","0.0","no","-","2600:1700:4020:b1f0::43f","Participant 7","Nih_r123",,3,2,3,2,2,2,3,1,3,4,2,2,3,3,3,3,3,3,3,3,3,4,3,4,3,3,4,4,1
"12/19/2023 08:57PM","12/19/2023 09:02PM","12/01/2023 05:32PM - 01/01/2026 09:59AM",283.181,"1","1","Finished","656a5e3f9c50bab087a9e66f","0.0","0.0","no","-","2600:1700:4020:b1f0::43f","Participant 7","NIH_r123",,4,4,5,4,4,4,4,3,2,3,2,1,3,3,3,3,3,3,3,3,2,2,2,2,2,2,2,3,2
"12/20/2023 06:20PM","12/20/2023 06:24PM","12/01/2023 05:32PM - 01/01/2026 09:59AM",231.583,"1","1","Finished","656a5e3f9c50bab087a9e66f","0.0","0.0","no","-","2600:1700:4020:b1f0::43f","Participant 7","Nih_r123",,5,5,4,4,3,4,4,5,3,3,2,1,3,3,3,3,3,3,3,3,3,3,3,3,3,3,2,3,2
"12/24/2023 10:34PM","12/24/2023 10:39PM","12/01/2023 05:32PM - 01/01/2026 09:59AM",309.84,"1","1","Finished","656a5e3f9c50bab087a9e66f","0.0","0.0","no","-","2600:1700:4020:b1f0::43f","Participant 7","Nih_123",,3,2,3,4,3,3,4,3,3,4,2,2,3,3,3,3,3,3,3,3,2,3,2,2,3,3,3,3,1
"12/25/2023 10:25PM","12/25/2023 10:36PM","12/01/2023 05:32PM - 01/01/2026 09:59AM",628.78,"1","1","Finished","656a5e3f9c50bab087a9e66f","0.0","0.0","no","-","2600:1700:4020:b1f0::43f","Participant 7","Nih_r123",,2,2,2,2,1,3,2,2,3,4,2,2,3,3,3,3,3,3,3,3,3,3,3,3,3,3,3,4,2
"12/26/2023 10:49PM","12/26/2023 10:59PM","12/01/2023 05:32PM - 01/01/2026 09:59AM",591.03,"1","1","Finished","656a5e3f9c50bab087a9e66f","0.0","0.0","no","-","2600:1700:4020:b1f0::43f","Participant 7","Nih_r123",,1,1,1,1,1,1,1,1,3,4,2,1,3,3,3,3,3,3,3,3,3,3,3,3,3,3,3,3,1
"12/27/2023 07:33PM","12/27/2023 07:39PM","12/01/2023 05:32PM - 01/01/2026 09:59AM",345.309,"1","1","Finished","656a5e3f9c50bab087a9e66f","0.0","0.0","no","-","192.168.0.28","Participant 7","Nih_r123",,2,2,3,2,2,2,2,2,3,2,1,1,3,3,3,3,3,3,3,3,3,3,3,3,3,3,3,4,2
"12/29/2023 10:09PM","12/29/2023 10:16PM","12/01/2023 05:32PM - 01/01/2026 09:59AM",389.419,"1","1","Finished","656a5e3f9c50bab087a9e66f","0.0","0.0","no","-","192.168.0.28","Participant 7","Nih_r123",,4,4,4,4,4,4,4,4,3,1,2,1,3,3,3,3,3,3,3,3,2,3,3,3,2,2,1,2,2
"12/30/2023 09:34PM","12/30/2023 09:45PM","12/01/2023 05:32PM - 01/01/2026 09:59AM",640.348,"1","1","Finished","656a5e3f9c50bab087a9e66f","0.0","0.0","no","-","192.168.0.28","Participant 7","Nih_r123",,2,3,3,2,2,3,2,1,3,1,3,1,3,3,3,3,3,3,3,3,3,3,3,4,4,4,4,4,2
"12/31/2023 10:32PM","12/31/2023 10:39PM","12/01/2023 05:32PM - 01/01/2026 09:59AM",405.214,"1","1","Finished","656a5e3f9c50bab087a9e66f","0.0","0.0","no","-","192.168.0.28","Participant 7","Nih_r123",,2,2,1,2,2,2,2,2,3,4,4,1,3,3,3,3,3,3,3,3,4,4,4,4,4,4,4,4,1
"01/02/2024 09:46PM","01/02/2024 09:50PM","12/01/2023 05:32PM - 01/01/2026 09:59AM",277.761,"1","1","Finished","656a5e3f9c50bab087a9e66f","0.0","0.0","no","-","192.168.0.28","Participant 7","Nih_r123",,1,1,1,1,1,1,1,1,3,2,5,1,3,3,3,3,3,3,3,3,4,4,4,4,4,4,4,4,1
"07/10/2024 11:38PM","07/10/2024 11:42PM","07/02/2024 02:26PM - 01/01/2026 08:59AM",243.306,"9","1","Finished","668445e57c63ede5625d4a3e","0.0","0.0","no","-","10.65.1.27","Participant 8","2039-01",,1,1,1,1,1,1,1,1,3,5,6,1,3,3,3,3,3,3,3,3,5,5,5,5,5,5,5,5,1
"07/11/2024 11:42PM","07/11/2024 11:46PM","07/02/2024 02:26PM - 01/01/2026 08:59AM",199.105,"10","1","Finished","668445e57c63ede5625d4a3e","0.0","0.0","no","-","2603:6083:6400:7::1b12","Participant 8","2039-01",,1,1,1,1,1,1,1,1,3,5,6,1,3,3,3,3,3,3,2,2,5,5,5,5,5,5,5,5,1
"07/19/2024 11:50PM","07/19/2024 11:55PM","07/02/2024 02:26PM - 01/01/2026 08:59AM",333.853,"18","1","Finished","668445e57c63ede5625d4a3e","0.0","0.0","no","-","192.168.1.227","Participant 8","2039-01",,1,1,1,1,1,1,1,1,3,2,4,1,3,3,3,3,3,3,2,2,5,5,5,5,5,5,5,5,1
"07/21/2024 11:50PM","07/21/2024 11:54PM","07/02/2024 02:26PM - 01/01/2026 08:59AM",192.892,"20","1","Finished","668445e57c63ede5625d4a3e","0.0","0.0","no","-","192.168.1.227","Participant 8","2039-01",,1,1,1,1,1,1,1,1,3,3,6,3,3,3,3,3,3,3,2,2,5,5,5,5,5,5,5,5,1
"07/23/2024 11:57PM","07/23/2024 11:59PM","07/02/2024 02:26PM - 01/01/2026 08:59AM",110.535,"22","1","Finished","668445e57c63ede5625d4a3e","0.0","0.0","no","-","10.65.1.27","Participant 8","2039-1",,1,1,1,1,1,1,1,1,3,5,6,1,3,3,3,3,3,3,2,2,5,5,5,5,5,5,5,5,1
"07/24/2024 11:50PM","07/24/2024 11:53PM","07/02/2024 02:26PM - 01/01/2026 08:59AM",167.582,"23","1","Finished","668445e57c63ede5625d4a3e","0.0","0.0","no","-","10.65.1.27","Participant 8","2039-01",,1,1,1,1,1,1,1,1,3,5,4,2,3,3,3,3,3,3,2,2,5,5,5,5,5,5,5,5,1
"11/20/2024 11:00PM","11/20/2024 11:14PM","11/19/2024 04:58PM - 01/01/2026 09:59AM",817.916,"2","1","Finished","673d09677fe91c850d7743b0",,,"no","-","192.168.1.88","Participant 9","2049",,2,2,3,3,3,2,2,2,2,2,5,2,2,2,3,3,2,3,1,2,4,4,4,5,5,5,5,4,1
"11/21/2024 11:08PM","11/21/2024 11:12PM","11/19/2024 04:58PM - 01/01/2026 09:59AM",264.395,"3","1","Finished","673d09677fe91c850d7743b0",,,"no","-","192.168.1.74","Participant 9","2049",,2,3,3,2,2,1,2,1,2,3,5,1,2,2,3,3,2,3,2,2,4,4,4,4,4,4,4,5,1
"11/22/2024 11:49PM","11/22/2024 11:53PM","11/19/2024 04:58PM - 01/01/2026 09:59AM",245.512,"4","1","Finished","673d09677fe91c850d7743b0",,,"no","-","192.168.1.88","Participant 9","2049",,2,2,2,2,2,1,2,2,2,1,2,2,2,2,3,3,2,2,1,2,4,4,4,4,4,4,4,4,2
"11/23/2024 11:01PM","11/23/2024 11:05PM","11/19/2024 04:58PM - 01/01/2026 09:59AM",241.043,"5","1","Finished","673d09677fe91c850d7743b0",,,"no","-","192.168.1.88","Participant 9","2049",,1,1,2,1,1,1,1,1,2,2,6,1,2,2,2,3,3,2,2,2,4,4,4,4,4,4,4,4,1
"11/24/2024 11:00PM","11/24/2024 11:04PM","11/19/2024 04:58PM - 01/01/2026 09:59AM",220.754,"6","1","Finished","673d09677fe91c850d7743b0",,,"no","-","192.168.1.88","Participant 9","2049",,2,2,2,2,1,2,2,2,2,1,4,3,2,2,3,3,2,3,2,2,4,4,4,4,4,4,4,4,1
"11/25/2024 11:05PM","11/25/2024 11:11PM","11/19/2024 04:58PM - 01/01/2026 09:59AM",318.333,"7","1","Finished","673d09677fe91c850d7743b0",,,"no","-","192.168.1.88","Participant 9","2049",,1,1,2,2,1,1,1,1,2,2,5,2,2,2,3,3,2,2,2,2,4,4,4,4,4,4,4,4,1
"11/26/2024 11:01PM","11/26/2024 11:05PM","11/19/2024 04:58PM - 01/01/2026 09:59AM",229.253,"8","1","Finished","673d09677fe91c850d7743b0",,,"no","-","192.168.1.88","Participant 9","2049",,1,1,2,1,1,1,2,1,2,2,5,1,2,3,3,3,2,2,2,2,4,4,4,4,4,4,4,4,1
"11/27/2024 11:08PM","11/27/2024 11:11PM","11/19/2024 04:58PM - 01/01/2026 09:59AM",170.286,"9","1","Finished","673d09677fe91c850d7743b0",,,"no","-","192.168.1.88","Participant 9","2049",,1,1,2,1,1,1,1,1,2,2,6,2,2,2,2,3,2,2,2,2,4,4,4,4,4,4,4,4,1
"11/28/2024 11:54PM","11/28/2024 11:57PM","11/19/2024 04:58PM - 01/01/2026 09:59AM",165.232,"10","1","Finished","673d09677fe91c850d7743b0",,,"no","-","192.168.1.88","Participant 9","2049",,1,1,2,1,1,1,1,1,2,5,5,1,2,2,3,3,2,3,2,3,4,4,4,4,4,4,4,4,1
"11/30/2024 11:00PM","11/30/2024 11:04PM","11/19/2024 04:58PM - 01/01/2026 09:59AM",232.476,"12","1","Finished","673d09677fe91c850d7743b0",,,"no","-","192.168.1.88","Participant 9","2049",,1,1,1,1,1,1,1,1,2,2,5,1,2,2,3,3,2,3,2,2,4,4,4,4,4,4,4,4,1
"12/01/2024 11:01PM","12/01/2024 11:04PM","11/19/2024 04:58PM - 01/01/2026 09:59AM",170.805,"13","1","Finished","673d09677fe91c850d7743b0",,,"no","-","192.168.1.88","Participant 9","2049",,3,2,4,4,3,3,2,1,2,3,5,2,2,3,3,3,2,3,2,2,4,4,4,4,4,4,3,4,1
"12/02/2024 11:02PM","12/02/2024 11:05PM","11/19/2024 04:58PM - 01/01/2026 09:59AM",190.13,"14","1","Finished","673d09677fe91c850d7743b0",,,"no","-","192.168.1.88","Participant 9","2049",,1,1,1,1,1,1,1,1,2,2,5,2,2,3,3,3,2,3,2,2,4,4,4,4,4,4,4,4,1
"12/03/2024 11:00PM","12/03/2024 11:02PM","11/19/2024 04:58PM - 01/01/2026 09:59AM",140.401,"15","1","Finished","673d09677fe91c850d7743b0",,,"no","-","192.168.1.88","Participant 9","2049",,1,1,2,1,1,1,1,1,2,2,5,2,2,3,3,3,2,3,2,2,4,4,4,4,4,4,4,4,1
"12/05/2024 11:04PM","12/05/2024 11:06PM","11/19/2024 04:58PM - 01/01/2026 09:59AM",114.615,"17","1","Finished","673d09677fe91c850d7743b0",,,"no","-","192.0.0.2","Participant 9","2049",,1,1,2,1,1,1,1,1,2,2,5,2,2,3,3,3,2,3,2,2,4,4,4,4,4,4,4,4,1
"12/07/2024 11:38PM","12/07/2024 11:42PM","11/19/2024 04:58PM - 01/01/2026 09:59AM",221.257,"19","1","Finished","673d09677fe91c850d7743b0",,,"no","-","192.168.1.66","Participant 9","2049",,2,1,2,2,1,1,1,1,2,3,4,2,2,3,3,3,2,3,2,2,4,4,4,4,3,3,4,4,1
"12/08/2024 11:02PM","12/08/2024 11:04PM","11/19/2024 04:58PM - 01/01/2026 09:59AM",160.06,"20","1","Finished","673d09677fe91c850d7743b0",,,"no","-","192.168.1.64","Participant 9","2049",,1,1,2,1,1,1,1,1,2,3,4,3,2,3,3,3,2,3,2,2,4,4,4,4,4,4,4,4,1
"12/09/2024 11:00PM","12/09/2024 11:03PM","11/19/2024 04:58PM - 01/01/2026 09:59AM",182.381,"22","1","Finished","673d09677fe91c850d7743b0",,,"no","-","192.168.1.64","Participant 9","2049",,1,1,1,1,1,1,1,1,2,1,4,2,2,3,3,3,2,3,3,2,4,4,4,4,5,5,5,5,1
"12/10/2024 11:03PM","12/10/2024 11:05PM","11/19/2024 04:58PM - 01/01/2026 09:59AM",151.358,"23","1","Finished","673d09677fe91c850d7743b0",,,"no","-","192.168.1.64","Participant 9","2049",,1,1,1,1,1,1,1,1,2,2,5,2,2,3,3,3,2,3,2,2,4,4,4,4,4,4,4,4,1